{
  "setting": {},
  "condition": {
    "plugin": {
      "list": []
    },
    "game": {
      "list": []
    },
    "gamePlugin": {
      "list": []
    },
    "miniprogram": {
      "list": [
        {
          "name": "商品分类",
          "pathName": "pages/category/index",
          "query": "",
          "scene": null
        },
        {
          "name": "商品详情",
          "pathName": "pages/product_detail/index",
          "query": "id=14",
          "scene": null
        },
        {
          "name": "购物车",
          "pathName": "pages/cart/index",
          "query": "",
          "scene": null
        },
        {
          "name": "确认订单支付",
          "pathName": "pages/pay/index",
          "query": "",
          "scene": null
        },
        {
          "name": "订单页面",
          "pathName": "pages/order/index",
          "query": "type=2",
          "scene": null
        },
        {
          "name": "商品搜索",
          "pathName": "pages/search/index",
          "query": "",
          "scene": null
        },
        {
          "name": "个人中心",
          "pathName": "pages/my/index",
          "query": "",
          "scene": null
        }
      ]
    }
  }
}